patient_id,pathology_id,pathology_name,icd10_code,diagnosis_date,severity,status,created_date
PAT00001000,PATH_PAT00001000_001,Diabète type 2,E11,2024-05-17,Modérée,Active,2024-04-18 00:00:00
PAT00001000,PATH_PAT00001000_002,Insuffisance cardiaque,I50,2023-08-08,Légère,Active,2025-09-21 00:00:00
PAT00001000,PATH_PAT00001000_003,Insuffisance rénale chronique,N18,2024-03-16,Sévère,Chronique,2025-01-11 00:00:00
PAT00001001,PATH_PAT00001001_001,Hypertension artérielle,I10,2025-04-19,Sévère,Rémission,2024-06-26 00:00:00
PAT00001001,PATH_PAT00001001_002,Asthme,J45,2026-01-23,Modérée,Active,2025-03-15 00:00:00
PAT00001001,PATH_PAT00001001_003,Dépression,F32,2023-02-21,Légère,Rémission,2024-11-06 00:00:00
PAT00001001,PATH_PAT00001001_004,Insuffisance cardiaque,I50,2024-04-03,Sévère,Rémission,2024-06-29 00:00:00
PAT00001004,PATH_PAT00001004_001,Insuffisance cardiaque,I50,2022-02-09,Modérée,Rémission,2025-01-02 00:00:00
PAT00001004,PATH_PAT00001004_002,Ostéoporose,M81,2022-11-06,Sévère,Rémission,2024-05-20 00:00:00
PAT00001004,PATH_PAT00001004_003,Asthme,J45,2021-07-25,Sévère,Active,2025-11-14 00:00:00
