patient_id,allergy_id,allergen,reaction,severity,discovery_date,verified,created_date
PAT00001001,ALL_PAT00001001_001,Latex,Éruption cutanée,Légère,2024-07-01,True,2024-09-07 00:00:00
PAT00001001,ALL_PAT00001001_002,Iode,Éruption cutanée,Sévère,2024-09-26,False,2025-01-19 00:00:00
PAT00001002,ALL_PAT00001002_001,Arachides,Œdème,Modérée,2024-05-22,False,2025-07-07 00:00:00
PAT00001002,ALL_PAT00001002_002,Latex,Œdème,Légère,2018-06-06,False,2024-12-08 00:00:00
PAT00001002,ALL_PAT00001002_003,Fruits de mer,Choc anaphylactique,Modérée,2024-05-21,True,2025-09-21 00:00:00
PAT00001003,ALL_PAT00001003_001,Arachides,Nausées,Légère,2017-08-17,True,2025-08-20 00:00:00
PAT00001003,ALL_PAT00001003_002,Latex,Choc anaphylactique,Modérée,2021-11-22,False,2025-10-18 00:00:00
PAT00001003,ALL_PAT00001003_003,Gluten,Éruption cutanée,Sévère,2022-11-29,False,2025-11-24 00:00:00
PAT00001003,ALL_PAT00001003_004,Lactose,Nausées,Légère,2022-10-23,True,2025-05-24 00:00:00
PAT00001004,ALL_PAT00001004_001,Gluten,Dyspnée,Sévère,2023-04-06,False,2024-08-19 00:00:00
PAT00001004,ALL_PAT00001004_002,Œufs,Œdème,Sévère,2025-01-10,True,2025-04-10 00:00:00
PAT00001004,ALL_PAT00001004_003,Pénicilline,Choc anaphylactique,Modérée,2021-12-31,True,2024-04-06 00:00:00
